{
  "newsdatabase": [
    {
      "url": "https://www.dailymail.co.uk/tvshowbiz/article-11460221/How-North-rising-star-stole-couture-fashion-week-Kim-Kardashians-girl-9-poses-paparazzi.html",
      "description": "Season 2 of The Kardashians ended with a new star rising within the family: Kim Kardashian's nine-year-old daughter North West.",
      "id": 1
    },
    {
      "url": "https://www.reuters.com/world/china/chinas-daily-covid-cases-hit-record-high-2022-11-24/",
      "description": "China reported record high COVID-19 infections on Thursday, with cities nationwide imposing localised lockdowns, mass testing and other curbs that are fuelling frustration and darkening the outlook for the world's second largest economy.",
      "id": 2
    },
    {
      "url": "https://www.washingtonpost.com/world/2022/11/24/malaysia-new-prime-minister-anwar-ibrahim/",
      "description": "Malaysia's king names Anwar Ibrahim as prime minister, bringing a temporary end to a chaotic election season.",
      "id": 3
    }
  ]
}